<?xml version="1.0" encoding="UTF-8" ?>  
<!DOCTYPE mapper PUBLIC "-//ibatis.apache.org//DTD Mapper 3.0//EN"      
 "http://ibatis.apache.org/dtd/ibatis-3-mapper.dtd">

<mapper namespace="com.yuan.dao.EmployeeDao2">
	<cache>


	</cache>

	<select id="selAll" resultType="com.yuan.bean.Employee">
		select *
		from employee
	</select>

	<select id="selOne" parameterType="String" resultType="com.yuan.bean.Employee">
		select *
		from employee where id = #{id}
	</select>


	<insert id="insertEmp">
		insert into employee
		values(#{id},#{name},#{gender},#{address})
	</insert>

	<update id="updateEmp">
		update employee set name = #{name},address =
		#{address} where id = #{id}
	</update>

	<delete id="deleteOne">
		delete from employee where id = #{id}
	</delete>

	<!-- 多条件查询，传入多个参数，String name，char gender -->
	<!-- #{}默认采用预处理的方式去处理sql语句 ${}采用非预处理模式处理数据 -->
	<select id="queryList" resultType="com.yuan.bean.Employee">
		select *
		from employee where
		name like '${name}%' and gender = #{gender}
	</select>

	<select id="queryList2" resultType="com.yuan.bean.Employee">
		select *
		from employee where
		name like '${name}%' and gender = #{gender}
	</select>


	<select id="queryByIf" resultType="com.yuan.bean.Employee">
		select *
		from employee
		<if test="name != null">
			where name like '${name}%'
		</if>
	</select>
	<select id="queryByChoose" resultType="com.yuan.bean.Employee">
		select *
		from employee where 1=1
		<choose>
			<when test="name != null">
				and name like '${name}%'
			</when>
			<when test="address != null">
				and address like '${address}%'
			</when>
			<otherwise>
				order by name
			</otherwise>
		</choose>
	</select>

	<select id="queryByTrim" resultType="com.yuan.bean.Employee">
		select *
		from employee
		<trim prefix="where" prefixOverrides="AND | OR">
			<if test="name != null">
				name like '${name}%'
			</if>
			<if test="address != null">
				and address = #{address}
			</if>
		</trim>
	</select>

	<select id="queryByWhere" resultType="com.yuan.bean.Employee">
		select *
		from employee
		<where>
			<if test="name != null">
				name like '${name}%'
			</if>
			<if test="address != null">
				and address = #{address}
			</if>
		</where>
	</select>

	<delete id="deleteByList">
		delete from employee where id in
		<foreach collection="list" open="(" separator="," close=")"
			item="haha">
			#{haha}
		</foreach>
	</delete>

	<delete id="deleteByArray">
		delete from employee where id in
		<foreach collection="array" open="(" separator="," close=")"
			item="haha">
			#{haha}
		</foreach>
	</delete>

	<resultMap type="com.yuan.bean.Employee" id="resultMapForSelectAll3">
		<id column="id" property="id" />
		<result column="name" property="name" />
		<result column="gender" property="gender" />
		<result column="address" property="address" />
		<result column="d_id" property="dept.d_id" />
		<result column="d_name" property="dept.d_name" />
	</resultMap>


	<!-- 需要让当前查询支持二级缓存，需要在标签中加入 useCache="true" -->
	<select id="selectAll3" resultMap="resultMapForSelectAll3"
		useCache="true">
		select
		e.id,e.name,e.gender,e.address,d.d_id d_id,d.d_name
		d_name
		from
		employee e, department d where e.d_id=d.d_id
	</select>

	<!--association可以使用分步查询，延迟加载 -->
	<resultMap type="com.yuan.bean.Employee" id="resultMapForSelectAll4">
		<id column="id" property="id" />
		<result column="name" property="name" />
		<result column="gender" property="gender" />
		<result column="address" property="address" />
		<association property="dept" javaType="com.yuan.bean.Department">
			<id column="d_id" property="d_id" />
			<result column="d_name" property="d_name" />
		</association>
	</resultMap>
	<select id="selectAll4" resultMap="resultMapForSelectAll4">
		select
		e.id,e.name,e.gender,e.address,d.d_id d_id,d.d_name d_name
		from
		employee e, department d where e.d_id=d.d_id
	</select>

	<!--分步查询+延迟加载 1.首先查询当前员工，得到部门id 2.通过部门id查询出部门信息 3.将查询到的部门信息封装到员工对象中 -->
	<resultMap type="com.yuan.bean.Employee" id="resultMapForselectStep">
		<id column="id" property="id" />
		<result column="name" property="name" />
		<result column="gender" property="gender" />
		<result column="address" property="address" />
		<!-- 想要完成分步查询还是需要association标签 -->
		<association property="dept"
			select="com.yuan.dao.DepartmentDao.getDepartmentById" column="d_id">
		</association>

	</resultMap>
	<select id="selectStep" resultMap="resultMapForselectStep">
		select * from employee where
		id=#{id}
	</select>


</mapper>