<?xml version="1.0" encoding="UTF-8" ?>  
<!DOCTYPE configuration  
  PUBLIC "-//mybatis.org//DTD Config 3.0//EN"  
  "http://mybatis.org/dtd/mybatis-3-config.dtd">
<configuration>
	<properties resource="dbconfig.properties" />

	<settings>
		<setting name="cacheEnabled" value="true" />
	</settings>

	<!-- <settings> 防止版本更新 发生改变 <setting name="lazyLoadingEnabled" value="true" 
		/> <setting name="aggressiveLazyLoading" value="false" /> </settings> -->
	<!-- 对事务的管理和连接池的配置 -->
	<environments default="development">
		<environment id="development">
			<transactionManager type="JDBC" />
			<dataSource type="POOLED">
				<property name="driver" value="${driver}" />
				<property name="url" value="${url}" />
				<property name="username" value="${username}" />
				<property name="password" value="${password}" />
			</dataSource>
		</environment>
	</environments>

	<!-- mapping 文件路径配置 -->
	<mappers>
		<mapper resource="mappers/EmployeeMapper.xml" />
		<!-- <mapper class="com.yuan.dao.EmployeeDao2" /> -->
		<mapper resource="mappers/DepartmentMapper.xml" />
	</mappers>
</configuration>