<?xml version="1.0" encoding="UTF-8"?>
<beans xmlns="http://www.springframework.org/schema/beans"
	xmlns:xsi="http://www.w3.org/2001/XMLSchema-instance" xmlns:context="http://www.springframework.org/schema/context"
	xmlns:mvc="http://www.springframework.org/schema/mvc" xmlns:aop="http://www.springframework.org/schema/aop"
	xmlns:tx="http://www.springframework.org/schema/tx"
	xsi:schemaLocation="
        http://www.springframework.org/schema/beans
        http://www.springframework.org/schema/beans/spring-beans.xsd
        http://www.springframework.org/schema/context 
        http://www.springframework.org/schema/context/spring-context.xsd
        http://www.springframework.org/schema/mvc
        http://www.springframework.org/schema/mvc/spring-mvc.xsd
        http://www.springframework.org/schema/tx
        http://www.springframework.org/schema/tx/spring-tx.xsd 
        http://www.springframework.org/schema/aop
        http://www.springframework.org/schema/aop/spring-aop.xsd">

	<context:component-scan base-package="com.atguigu">
		<context:exclude-filter type="annotation"
			expression="org.springframework.stereotype.Controller" />
	</context:component-scan>

	<!-- Spring的配置文件，这里主要配置和业务逻辑相关的 -->
	<context:property-placeholder location="classpath:dbconfig.properties" />
	<bean id="pooledDataSource" class="com.mchange.v2.c3p0.ComboPooledDataSource">
		<property name="jdbcUrl" value="${jdbc.jdbcUrl}" />
		<property name="driverClass" value="${jdbc.driverClass}" />
		<property name="user" value="${jdbc.user}" />
		<property name="password" value="${jdbc.password}" />
	</bean>

	<!-- 与MyBatis的整合 -->
	<bean id="sqlSessionFactory" class="org.mybatis.spring.SqlSessionFactoryBean">
		<property name="configLocation" value="classpath:mybatis-config.xml" />
		<property name="dataSource" ref="pooledDataSource"></property>
		<property name="mapperLocations" value="classpath:mapper/*.xml"></property>
	</bean>
	<!-- 配置mapper扫描器 -->
	<bean class="org.mybatis.spring.mapper.MapperScannerConfigurer">
		<!-- 扫描包路径，如果需要扫描多个，中间使用半角的逗号隔开 -->
		<property name="basePackage" value="com.atguigu.crud.dao"></property>
	</bean>


	<bean id="sqlSession" class="org.mybatis.spring.SqlSessionTemplate">
		<constructor-arg name="sqlSessionFactory" ref="sqlSessionFactory">
		</constructor-arg>
		<constructor-arg name="executorType" value="BATCH"></constructor-arg>
	</bean>


	<!-- ==============事务控制========== -->

	<bean id="transactionManager"
		class="org.springframework.jdbc.datasource.DataSourceTransactionManager">
		<property name="dataSource" ref="pooledDataSource" />
	</bean>


	<aop:config>
		<aop:pointcut id="txPoint"
			expression="execution(* com.atguigu.crud.service..*(..))" />
		<aop:advisor advice-ref="txAdvice" pointcut-ref="txPoint" />
	</aop:config>

	<tx:advice id="txAdvice" transaction-manager="transactionManager">
		<tx:attributes>
			<tx:method name="*" />
			<tx:method name="get*" read-only="true" />
		</tx:attributes>

	</tx:advice>

	<!-- Spring配置文件的核心点（数据源，与mybatis的整合，事务控制） -->




</beans>