<?xml version="1.0" encoding="UTF-8" ?>
<!DOCTYPE configuration
  PUBLIC "-//mybatis.org//DTD Config 3.0//EN"
  "http://mybatis.org/dtd/mybatis-3-config.dtd">

<configuration>

	<settings>
		<setting name="mapUnderscoreToCamelCase" value="true" />
	</settings>
	<typeAliases>
		<package name="com.atguigu.crud.bean" />
	</typeAliases>

	<plugins>
		<plugin interceptor="com.github.pagehelper.PageInterceptor">
		<!-- 调整分页的合理化，不可能到达-1 页或是超过最大页 -->
		<property name="reasonable" value="true"/>
		</plugin>
	</plugins>




</configuration>
  